"cohort","capital","public_debt","output","debt_to_output","formal_labor","informal_labor","consumption_tax","interest_rate","formal_wage","informal_wage","consumption_young","consumption_old","informal_share","formal_share","solidarity_beneficiary_share","funded_only_share","payg_only_share","mixed_share","payg_contributions","payg_benefits","decision_welfare","primary_balance","primary_deficit","debt_identity_residual","rule_primary_balance","fiscal_adjustment","fiscal_rule_residual","experienced_welfare","budget_residual","payg_balance","reported","phase"
0,0.0293158462385595,0.0139511834503915,1.0146314217695,0.550000055234276,8.68560315093979,1.49887048180882,0.221369700548944,8.27156015235323,0.0547418800941462,0.100335520900096,0.390599286672786,0.263664762516409,0.531824957964062,0.468175042035938,0,0.433730500163709,0.034444541872229,0,0.0143400133688203,0.0502284531013992,-5.46629412590954,0.00202926304732967,-0.00202926304732967,0,0.00202926304732967,0,0,-5.97437001407112,0.00202949514906176,-0.0358884397325789,TRUE,"Law 100 benchmark"
1,0.0293158462385595,0.0139511834503915,1.03071178295357,0.541419383425052,9.35689618640436,1.19888317511946,0.130993167293923,8.64941090659853,0.0531357698989706,0.0929110886931958,0.404621925716379,0.298332482147399,0.453434846969466,0.546565153030534,0.126168335300154,0.546565153030534,0,0,0,0.0502284577062766,-5.27040321340732,-0.00612120352176537,0.00612120352176537,0,-0.00612120352176538,0.0556080828835762,8.32667268468867e-17,-5.73942345316858,-0.0617292864053415,-0.0502284577062766,TRUE,"first reform cohort"
2,0.0451542988798302,0.0180955307609679,1.24626465714357,0.580792551798514,10.7634839378502,0.500136281915326,0.0748154092448496,7.25974159012659,0.0597168955599925,0.0882960858694644,0.465654745500424,0.351037074861048,0.234503063724052,0.765496936275948,0.126168740718894,0.765496936275948,0,0,0,0,-4.86096164115595,0.000594460559321566,-0.000594460559321566,0,0.000594460559321563,-0.0380815597507292,2.62290189567693e-15,-5.24553430654415,0.0386760203100508,0,TRUE,"transition"
3,0.0539414681030303,0.019131617588612,1.34482814705097,0.569042747374528,11.1561149109747,0.276199979815799,0.0394810735604054,6.66688607736786,0.0632066308272944,0.0853933701929873,0.506477334101022,0.402027814127069,0.146509040880773,0.853490959119227,0.12616898017206,0.853490959119227,0,0,0,0,-4.54174738303053,0.0022733765795933,-0.0022733765795933,0,0.0022733765795933,-0.0439138359079328,4.12517242587285e-14,-4.87099369064025,0.0461872124875261,0,TRUE,"transition"
4,0.0580226089751304,0.019390639295523,1.38575113105345,0.559714911602696,11.2329417043331,0.229538715263496,0.0167699851838419,6.40776617130536,0.0648993320573553,0.0835276542828526,0.530647376545292,0.426994368200093,0.126168950608045,0.873831049391955,0.126168950608045,0.873831049391955,0,0,0,0,-4.34940992053578,0.00269310558466123,-0.00269310558466123,0,0.00269310558466123,-0.035960897547081,4.42101216746593e-13,-4.66173971822764,0.0386540031317422,0,TRUE,"transition"
5,0.0597517805113938,0.0194553947222507,1.40199605558863,0.555077017362433,11.236992281977,0.227041034293668,0.00186352556139037,6.29721386369853,0.0656566976836628,0.0823030886248682,0.544352275978846,0.439507114092452,0.125054096384781,0.874945903615219,0.125054096384781,0.874945903615219,0,0,0,0,-4.24742542803159,0.00279803783592822,-0.00279803783592822,0,0.00279803783592821,-0.0262102577427753,3.55636830748352e-12,-4.55711477223499,0.0290082955787035,0,TRUE,"transition"
6,0.0604481513590649,0.0194715835789327,1.40914382103452,0.552720972501947,11.2680944173775,0.207742650804522,-0.00809002125794933,6.26396577603376,0.0658888225205297,0.0814854047536595,0.551501194417097,0.446976681812731,0.11633925928609,0.88366074071391,0.11633925928609,0.88366074071391,0,0,0,0,-4.19536259006955,0.00282427089874496,-0.00282427089874496,0,0.00282427089874496,-0.0187661840818024,2.27868279800703e-11,-4.49775281076214,0.0215904549805473,0,TRUE,"transition"
7,0.0607756514778492,0.0194756307931032,1.41256201197381,0.551498075922042,11.2859354481021,0.19655988377208,-0.0148244613404027,6.24962080586501,0.0659896085799079,0.0809321705008859,0.555973254814935,0.451261625285015,0.111206002161924,0.888793997838076,0.111206002161924,0.888793997838076,0,0,0,0,-4.16282323406865,0.00283082916444915,-0.00283082916444915,0,0.00283082916444915,-0.0134378576809669,1.20660863245359e-10,-4.46070919581424,0.016268686845416,0,TRUE,"transition"
8,0.0609341285249038,0.0194766425966458,1.41426236017526,0.550863634502221,11.2968216872044,0.189695873891948,-0.0194254969729292,6.24347397451073,0.066032913580488,0.0805541954236739,0.558858947012387,0.453992259411186,0.108020132828082,0.891979867171918,0.108020132828082,0.891979867171918,0,0,0,0,-4.14181731525451,0.0028324687308752,-0.0028324687308752,0,0.0028324687308752,-0.00952322516552098,5.41345059057452e-10,-4.43681632328938,0.0123556938963962,0,TRUE,"transition"
9,0.0610141103861138,0.0194768955475314,1.4151515609647,0.550524652900194,11.3037679796498,0.185300294903298,-0.0225912462123925,6.24086336985262,0.0660513270387333,0.080294129123652,0.560768396953197,0.455783554572423,0.10596536424407,0.89403463575593,0.10596536424407,0.89403463575593,0,0,0,0,-4.12791140424474,0.00283287862248171,-0.00283287862248171,0,0.00283287862248171,-0.00670958805291112,2.09545376536613e-09,-4.42100749963105,0.00954246667539282,0,TRUE,"transition"
10,0.0610566476697699,0.0194769587852529,1.41564344666097,0.550335152009991,11.3083397965387,0.182400508515431,-0.0247804868920885,6.23976797202605,0.0660590570658373,0.0801142830018149,0.562055603454259,0.45698396168424,0.104603689156713,0.895396310843287,0.104603689156713,0.895396310843287,0,0,0,0,-4.11853579858462,0.00283298109538333,-0.00283298109538333,0,0.00283298109538334,-0.00471082007572919,7.09596532921797e-09,-4.41034998973887,0.00754380117111253,0,TRUE,"transition"
11,0.061080632027367,0.0194769745946832,1.41593148048006,0.550223647491182,11.3114137702653,0.180446837534565,-0.0262998764407215,6.23931517317115,0.066062253047318,0.0799894651503947,0.562934713003682,0.457800375591973,0.103684180457609,0.896315819542391,0.103684180457609,0.896315819542391,0,0,0,0,-4.11213978183868,0.00283300671360874,-0.00283300671360874,0,0.00283300671360874,-0.00330016423101977,2.12562564425034e-08,-4.40307918142014,0.00613317094462851,0,TRUE,"transition"
12,0.0610949736642419,0.0194769785470408,1.41610921462046,0.550154701232164,11.3135098794049,0.179112211638306,-0.0273570318975436,6.23912994749759,0.0660635605335515,0.0799026198296168,0.563540501683483,0.458361113422942,0.103055316999041,0.896944683000959,0.103055316999041,0.896944683000959,0,0,0,0,-4.10773931607219,0.00283301311816509,-0.00283301311816509,0,0.00283301311816509,-0.00230831535669867,5.68414361482028e-08,-4.39807730585647,0.00514132847486376,0,TRUE,"transition"
13,0.0611040192096372,0.0194769795351302,1.41622389402906,0.550110180099266,11.314951905686,0.178193298771603,-0.0280938408909618,6.23905285584528,0.06606410473352,0.0798420909708075,0.563960530178203,0.458748716951669,0.10262164178222,0.89737835821778,0.10262164178222,0.89737835821778,0,0,0,0,-4.10468841531018,0.00283301471930418,-0.00283301471930418,0,0.00283301471930418,-0.00161250023066813,1.36739371436878e-07,-4.39461001462337,0.00444551494997231,0,TRUE,"transition"
14,0.0611099845580203,0.0194769797821525,1.41630051704168,0.550080425666592,11.3159494829343,0.177557248117843,-0.0286079197928808,6.23901744035957,0.066064354739782,0.0797998593890148,0.564252925148263,0.459017753738707,0.102320856482268,0.897679143517732,0.102320856482268,0.897679143517732,0,0,0,0,-4.1025648325468,0.00283301511958895,-0.00283301511958895,0,0.00283301511958895,-0.00112507244824433,2.97899287751702e-07,-4.39219700350983,0.00395808756783328,0,TRUE,"transition"
15,0.0611140546890948,0.0194769798439081,1.41635302910895,0.550060032876447,11.3166413574263,0.177115942496236,-0.0289667348007166,6.23899699578897,0.066064499063902,0.0797703827361211,0.564456960009097,0.45920493527759,0.102111484785933,0.897888515214067,0.102111484785933,0.897888515214067,0,0,0,0,-4.10108323362811,0.00283301521966015,-0.00283301521966015,0,0.00283301521966015,-0.000783995612265082,5.91234574791322e-07,-4.39051378603846,0.00361701083192523,0,TRUE,"transition"
16,0.0611169002958314,0.019476979859347,1.41638965082225,0.550045811137922,11.3171211895738,0.176809806558416,-0.029217056273781,6.23898141778097,0.0660646090340823,0.0797498188271089,0.564599476086661,0.459335270161543,0.101965474090134,0.898034525909866,0.101965474090134,0.898034525909866,0,0,0,0,-4.10004859928487,0.00283301524467794,-0.00283301524467794,0,0.00283301524467794,-0.000545591556149523,1.07472230183314e-06,-4.38933862728172,0.00337860680082747,0,TRUE,"transition"
17,0.061118924239457,0.0194769798632068,1.41641549221978,0.55003577608948,11.3174532082062,0.176597941143805,-0.0293913788819212,6.23896727492366,0.0660647088734675,0.0797354982248502,0.56469896377946,0.45942593872855,0.101863641806459,0.898136358193541,0.101863641806459,0.898136358193541,0,0,0,0,-4.09932658341132,0.00283301525093239,-0.00283301525093239,0,0.00283301525093239,-0.000379215187264401,1.79826509821152e-06,-4.38851879712013,0.00321223043819679,0,TRUE,"transition"
18,0.0611203819163413,0.0194769798641717,1.41643387678052,0.550028636943982,11.3176820300803,0.176451912730987,-0.0295123324244511,6.23895368171377,0.0660648048330545,0.0797255618913313,0.564768237360959,0.459488821372501,0.101792758391358,0.898207241608642,0.101792758391358,0.898207241608642,0,0,0,0,-4.09882417517251,0.00283301525249601,-0.00283301525249601,0,0.00283301525249601,-0.000263410769289938,2.78304251159073e-06,-4.38794881080879,0.00309642602178595,0,TRUE,"transition"
19,0.061121442365069,0.0194769798644129,1.41644656947892,0.550023708174973,11.3178173636404,0.176365543589942,-0.029595737400558,6.2389334960752,0.0660649473317208,0.0797187101725442,0.5648168003834,0.459531736949529,0.101748851532233,0.898251148467767,0.101748851532233,0.898251148467767,0,0,0,0,-4.0984339190848,0.00283301525288691,-0.00283301525288691,0,0.00283301525288691,-0.000182879031957202,4.0027481624863e-06,-4.38746878529752,0.00301589428484411,0,TRUE,"transition"
20,0.0611255277415877,0.0194769798644732,1.41650759720068,0.550000011379083,11.3186422308189,0.175905873965416,-0.029803549175338,6.23895611140119,0.0660647876809506,0.079701638435246,0.564938102936324,0.459634553903937,0.101576785205587,0.898423214794413,0.101576785205587,0.898423214794413,0,0,0,0,-4.09747686169392,0.00283301525301721,-0.00283301525301721,0,0.00283301525301721,0,0,-4.38642003942665,0.00283300254066443,0,TRUE,"funded steady state"
