"year","dependency_ratio","capital","labor_formal","informality","price_informal","nominal_output","wage_formal","wage_informal","rental_rate","social_security","social_security_share","public_absorption","collection_cost","collection_cost_share","consumption_formal","consumption_informal","composite_consumption","consumption_price_index","primary_surplus_ratio","required_revenue","revenue_share","tax_consumption","tax_payroll","tax_capital","mix_consumption","mix_payroll","mix_capital","flow_utility","lifetime_welfare","objective","policy"
2024,0.150170218,2.39934650485775,0.445999702859279,0.554000297140721,1.04157798352844,1.12333490270836,1.16741447921132,0.624946790117067,0.10688230479645,0.0640300239143443,0.0569999416558391,0.0160075059785861,0.00474509572445758,0.00422411492157605,0.612400539864145,0.332400178284433,0.944796136728557,1.05395807729291,0.0165,0.0825650498090323,0.0734999416558391,0.0559271273388523,0.0555014905537836,0.0643913396901039,0.45,0.35,0.2,-0.0584293914056326,-1.51916417654645,1.28466003284164e-13,"Reference mix"
2025,0.153719106,2.39188270012045,0.445524242323877,0.554475757676123,1.04026300554095,1.12184139805871,1.16662537930592,0.624157803324572,0.107029136063776,0.0655432093284411,0.0584246663047558,0.0163858023321103,0.00492738687971379,0.00439223127996557,0.610934584846778,0.332685454605674,0.943610974615795,1.05428942551043,0.0165,0.0840535923964099,0.0749246663047558,0.0570631489522606,0.0566006688994987,0.0656665769050461,0.45,0.35,0.2,-0.0597587638350272,-1.5537278597107,8.89400822202534e-13,"Reference mix"
2026,0.15776987,2.38341606699022,0.444981844741727,0.555018155258272,1.03876109077408,1.12014037087374,1.1657295378322,0.623256654464448,0.10719619439697,0.0672703861231859,0.0600553179515466,0.0168175965307965,0.00514011821179536,0.00458881613898615,0.609258676252712,0.333010893154963,0.942253521342467,1.05466960681593,0.0165,0.0857527022426026,0.0765553179515466,0.0583663629622563,0.0578596451316887,0.0671272073389288,0.45,0.35,0.2,-0.0612855005044286,-1.59342301311514,2.72429870934843e-13,"Reference mix"
2027,0.162121055,2.37428971229063,0.444397478239278,0.555602521760721,1.03713647297454,1.1183029291256,1.16475961422534,0.622281883784723,0.107377506886529,0.0691256573168771,0.0618129985324516,0.0172814143292193,0.0053742434178233,0.00480571344119201,0.607448318969208,0.333361513056433,0.940784013085343,1.05507707835308,0.0165,0.0875776556474496,0.0783129985324516,0.0597745724190139,0.0592179637832522,0.0687030921814354,0.45,0.35,0.2,-0.0629432325496855,-1.63652404629182,1.69349067155541e-13,"Reference mix"
2028,0.166711009,2.36464914887472,0.443779494125858,0.556220505874142,1.035412418659,1.11635652370814,1.16373107537377,0.621247451195401,0.10757027710616,0.0710827355465015,0.0636738658635594,0.0177706838866254,0.00562756485213656,0.00504101040538895,0.605528695525449,0.333732303524485,0.93922229058106,1.0555067263933,0.0165,0.0895026181876857,0.0801738658635594,0.061269471343273,0.0606574182827662,0.0703731086570621,0.45,0.35,0.2,-0.0647106760864242,-1.68247757824703,6.95693437373053e-14,"Reference mix"
2029,0.171424034,2.35471810225611,0.443143052111804,0.556856947888196,1.03362880856787,1.11434639577477,1.16266646292033,0.62017728514072,0.107770352812944,0.07309228915492,0.0655920721169482,0.01827307228873,0.00589453075138324,0.00528967543102695,0.603545457223279,0.334114168732917,0.937604866696933,1.05594699286548,0.0165,0.0914790046852037,0.0820920721169482,0.0628148014661588,0.0621427381159232,0.0720963368617637,0.45,0.35,0.2,-0.0665473650140886,-1.7302314903663,3.21299143100573e-13,"Reference mix"
2030,0.176158371,2.34472625090045,0.442502029425623,0.557497970574377,1.03182546487174,1.11231793931118,1.16159082420299,0.619095278923043,0.107973065320602,0.0751109298372461,0.0675264932648299,0.0187777324593115,0.00616974968389993,0.00554675013847266,0.60154220651384,0.334498782344626,0.935967192578355,1.05638900067428,0.0165,0.0934641758358806,0.0840264932648299,0.0643777541742267,0.0636421416019651,0.0738359045425396,0.45,0.35,0.2,-0.0684135169794258,-1.77875144146507,7.24912317245182e-13,"Reference mix"
2031,0.180869208,2.33477792260653,0.44186268181257,0.55813731818743,1.03002050980832,1.11029183093967,1.16051571688976,0.618012305884993,0.108176246884191,0.077119550519721,0.0694588110717275,0.0192798876299303,0.00645067081042268,0.00580988766256462,0.599538683394911,0.334882390912458,0.934325396239703,1.05682895162754,0.0165,0.0954393657302256,0.0859588110717276,0.0659436458720914,0.0651414225192191,0.0755753300222975,0.45,0.35,0.2,-0.070290932928305,-1.82756425613593,6.452230614141e-13,"Reference mix"
2032,0.185513181,2.3249309963295,0.44123018536581,0.55876981463419,1.0282269088725,1.10828151117101,1.15944620614037,0.616936145323502,0.108378937503207,0.0790996615311306,0.0713714527706539,0.0197749153827826,0.00673459382705421,0.00607660938053405,0.597550624103177,0.335261888780514,0.932692311535928,1.05726159139481,0.0165,0.0973863064654522,0.0878714527706539,0.0674981935801645,0.0666269786508241,0.0772988323741162,0.45,0.35,0.2,-0.0721649440352217,-1.87628854491576,1.82930940936423e-12,"Reference mix"
2033,0.190057657,2.31528222966723,0.440609683559329,0.559390316440671,1.0264607243733,1.10630573034714,1.15839392149124,0.615876434623979,0.108578917199788,0.0810373487159368,0.073250410345889,0.0202593371789842,0.00701919827092658,0.00634471835260588,0.595594757284819,0.335634189864403,0.931081884380238,1.05768484429594,0.0165,0.0992913932666647,0.089750410345889,0.0690299027602258,0.0680878062219477,0.0789936453137748,0.45,0.35,0.2,-0.0740193926827779,-1.92450420975222,3.30898126194548e-12,"Reference mix"
2034,0.194506062,2.30585871886465,0.440001580976796,0.559998419023204,1.02472495875285,1.10436880270927,1.15736326500679,0.614834975251712,0.10877532096337,0.0829340728622032,0.0750963560893308,0.0207335182155508,0.00730430214035123,0.00661400622910762,0.593672644806633,0.335999051413922,0.929495590043831,1.05810026490765,0.0165,0.101156158106906,0.0915963560893308,0.0705392166654932,0.0695242704509379,0.0806601925577981,0.45,0.35,0.2,-0.0758523340092925,-1.9721606842416,2.11150243393043e-12,"Reference mix"
2035,0.198809738,2.29673882942909,0.439412032734797,0.560587967265203,1.02303653963132,1.10248845645561,1.15636221666139,0.613821923778795,0.108966590599659,0.0847690870272595,0.0768888658478871,0.0211922717568149,0.00758633566865367,0.00688110213239146,0.591804163262109,0.336352780359122,0.927950088002699,1.0585024199326,0.0165,0.102960146558777,0.0933888658478871,0.0720091284228702,0.070920429676673,0.0822799790188241,0.45,0.35,0.2,-0.077644167427561,-2.01874835311658,6.90529636813997e-13,"Reference mix"
2036,0.202927696,2.28797150129257,0.438845946115649,0.561154053884351,1.02140815114505,1.10067718203898,1.15539508096287,0.61284489068703,0.109151857723768,0.0865249141994506,0.0786106186367607,0.0216312285498627,0.00786199422605647,0.00714287018423722,0.590004976975025,0.336692432330611,0.926458599647886,1.0588860761027,0.0165,0.104686087703094,0.0951106186367607,0.0734249860637605,0.0722627373829709,0.0838372883923645,0.45,0.35,0.2,-0.0793790465975106,-2.06385521153527,8.42700282613657e-13,"Reference mix"
2037,0.20685324,2.27960573537066,0.438305086002672,0.561694913997328,1.01984749642974,1.09894413947023,1.15446898195331,0.611908497857844,0.109329704738942,0.0881986993183936,0.0802576729340506,0.0220496748295984,0.00813007216724422,0.00739807591236028,0.588281905253578,0.337016948398397,0.925027280288928,1.05925186439352,0.0165,0.106331277619652,0.0967576729340506,0.0747831337219968,0.0735479034855496,0.0853283036109406,0.45,0.35,0.2,-0.0810491985573167,-2.10727916249023,6.83367899915447e-13,"Reference mix"
2038,0.210662802,2.27140394638001,0.437777250767468,0.562222749232532,1.01831653610134,1.09724413374568,1.15355523447808,0.610989921660804,0.109505604000709,0.0898230316874335,0.0818623940879985,0.0224557579218584,0.0083952864900747,0.00765124755000109,0.586596269859033,0.337333649539519,0.923624246736625,1.05960417212826,0.0165,0.107927559894237,0.0983623940879985,0.0761097651805469,0.074801243710197,0.086782395300142,0.45,0.35,0.2,-0.0826913688474811,-2.1499755900345,5.58349380561389e-12,"Reference mix"
2039,0.214415213,2.26344727046916,0.437259453645827,0.562740546354173,1.01681528155621,1.09558455463009,1.15267026519809,0.610089168933725,0.109676366321447,0.0914229958432186,0.0834467731923133,0.0228557489608047,0.00866124673328289,0.00790559404719543,0.584938508049133,0.337644327812504,0.922241652314482,1.05995590341641,0.0165,0.109500140994615,0.0999467731923133,0.0774233417103861,0.0760393550984753,0.0882188189021272,0.45,0.35,0.2,-0.0843145042195548,-2.19217710970842,8.25405035107366e-13,"Reference mix"
2040,0.2181965,2.25532831720354,0.436734268151463,0.563265731848537,1.01528418359578,1.09389121800238,1.15176089371307,0.609170510157468,0.109852251615381,0.0930352722337144,0.0850498392368589,0.0232588180584286,0.00893424283003667,0.00816739606553566,0.583253326123759,0.337959439109122,0.920833470964841,1.06030704240579,0.0165,0.111084477330754,0.101549839236859,0.0787557549624896,0.0772932950170093,0.0896736063400801,0.45,0.35,0.2,-0.0859726883648231,-2.2352898974854,1.94758802588807e-12,"Reference mix"
2041,0.222195285,2.24672562306914,0.436177476353217,0.563822523646783,1.01365539318928,1.09209253688364,1.1507936257197,0.60819323591357,0.110039797355601,0.0947402860679376,0.0867511523687225,0.0236850715169844,0.00922835077389319,0.00845015459974379,0.581462297129649,0.33829351418807,0.919333787540886,1.06067814682696,0.0165,0.112759812926518,0.103251152368722,0.0801737646303594,0.0786251900058171,0.091218835158264,0.45,0.35,0.2,-0.0877442051541328,-2.28134933400745,4.16637918983708e-12,"Reference mix"
2042,0.226576456,2.23731731863948,0.435566682298982,0.564433317701018,1.01186359382153,1.09011837580341,1.1497326654229,0.607118156292917,0.110246059397354,0.0966083427814388,0.0886218826558526,0.0241520856953597,0.00955698397605013,0.00876692310503129,0.579492350864242,0.338659990620611,0.917680668475533,1.06108582505803,0.0165,0.114595295982195,0.105121882655853,0.0817377919688284,0.0800909255728254,0.0929193422230182,0.45,0.35,0.2,-0.0897036783625582,-2.33229563742651,4.02741865168135e-12,"Reference mix"
2043,0.231361793,2.22714823732959,0.434900762157377,0.565099237842623,1.00990778435583,1.0879720466521,1.14858531138964,0.6059446706135,0.110469767419924,0.0986487289953564,0.0906721172652525,0.0246621822488391,0.00992355135043452,0.00912114551193771,0.577338352185031,0.339059542705573,0.915868751228629,1.06153566535989,0.0165,0.116600267765116,0.107172117265252,0.0834579636878607,0.0816985155072422,0.0947844249174931,0.45,0.35,0.2,-0.0918595035134777,-2.38834709135042,1.10654534877747e-12,"Reference mix"
2044,0.236571145,2.21585672583287,0.434168665541763,0.565831334458237,1.00773996236217,1.08559048899635,1.14729805808187,0.604643977417303,0.110721560047572,0.100869907985309,0.0929170889094332,0.0252174769963273,0.0103321411433484,0.00951753101015157,0.574962660544728,0.339498800674942,0.913865071100646,1.06201798036134,0.0165,0.118782151053749,0.109417088909433,0.085348132262277,0.0834611750581918,0.0968294152190277,0.45,0.35,0.2,-0.0942534424645587,-2.45058950407852,3.54003372717915e-13,"Reference mix"
2045,0.242194667,2.20371078227129,0.43337741070429,0.56662258929571,1.00538904705428,1.08301593988364,1.14590852483111,0.603233428232569,0.110994321669287,0.103267682010934,0.0953519502418673,0.0258169205027335,0.0107841638064494,0.00995753008733004,0.572386227975602,0.339973553577426,0.911685875607091,1.06254115722037,0.0165,0.121137445019014,0.111851950241867,0.0874067687457224,0.0853749049195861,0.0990496732400393,0.45,0.35,0.2,-0.0968690277603572,-2.51859472176928,2.8393923616831e-13,"Reference mix"
2046,0.248077892,2.19096775716693,0.432546420726399,0.567453579273601,1.00290767052987,1.08030451020735,1.14444224271629,0.601744602317923,0.111283237829898,0.105776188973636,0.097913308677508,0.026444047243409,0.0112694871050587,0.0104317690045519,0.569670541068369,0.34047214756416,0.909381900241902,1.06308825283581,0.0165,0.123601213392057,0.114413308677508,0.0895819847937155,0.0873904903534997,0.101388101362502,0.45,0.35,0.2,-0.099648013374791,-2.59084834774456,2.91552964320614e-13,"Reference mix"
2047,0.254115427,2.17787627686087,0.431690891188792,0.568309108811208,1.00034037813946,1.07750663401965,1.14292756748589,0.600204226883679,0.111582869580044,0.108350491092807,0.100556681204462,0.0270876227732017,0.0117808993959593,0.0109334820074477,0.566863714269085,0.340985465286725,0.906993000228201,1.06365038215367,0.0165,0.126129350554131,0.117056681204462,0.091837458959552,0.0894731259788353,0.103804319317437,0.45,0.35,0.2,-0.102544341299656,-2.66615287379105,1.63703389655252e-13,"Reference mix"
2048,0.260277779,2.16450337054469,0.430814822795539,0.569185177204461,0.997698543225284,1.07463538624372,1.14137175294799,0.598619125935171,0.111891894822628,0.110978013055441,0.103270387776224,0.0277445032638603,0.0123170310174471,0.0114615907638218,0.563978214896628,0.341511106322677,0.904529135461005,1.06422511343121,0.0165,0.128709496928462,0.119770387776224,0.0941643621810478,0.091613796228478,0.106287867485853,0.45,0.35,0.2,-0.105547583594792,-2.74423717346459,8.47520803278352e-13,"Reference mix"
2049,0.266489219,2.15093853288255,0.429926873635166,0.570073126364834,0.995004623472705,1.07171277381846,1.13978208652544,0.597002774083623,0.112208965143897,0.113626465305424,0.106023244362926,0.028406616326356,0.0128722300194376,0.0120108953946443,0.561042231586008,0.3420438758189,0.902013894268687,1.06480271788727,0.0165,0.131309726073429,0.122523244362926,0.0965366755289222,0.0937882689198393,0.1088106323399,0.45,0.35,0.2,-0.108630372939827,-2.82438969643548,3.42588450159046e-13,"Reference mix"
2050,0.272751498,2.13721324902809,0.429027723722504,0.570972276277496,0.992260893060531,1.06874318304493,1.13816290745265,0.595356535836318,0.112533302552453,0.11629659443934,0.108816221038249,0.0290741486098349,0.013447192033147,0.0125822482393149,0.558056839037829,0.342583365766497,0.899447654855687,1.06538473468646,0.0165,0.133930856959581,0.125316221038249,0.0989561071908219,0.0959972753837588,0.111373462349989,0.45,0.35,0.2,-0.11179343745184,-2.90662937374783,4.0185752412277e-14,"Reference mix"
2051,0.279215956,2.123050869292,0.428096768597396,0.571903231402604,0.98940604303476,1.06566288879793,1.13648286295164,0.593643625820856,0.112871313240565,0.119052929256229,0.111717251776048,0.0297632323140573,0.0140568986571375,0.0131907555427718,0.554952823243721,0.343141938841562,0.896770204830242,1.06598757532072,0.0165,0.136636366921395,0.128217251776048,0.101482940363626,0.0982945659338781,0.114038717187356,0.45,0.35,0.2,-0.115112873525163,-2.99293471165423,2.03663830493192e-13,"Reference mix"
2052,0.285959662,2.1081833143888,0.427119954094741,0.572880045905259,0.986390981420214,1.06241635578737,1.13470537263165,0.591834588852128,0.11323058154322,0.121928330665391,0.114765110684905,0.0304820826663477,0.0147109369469253,0.0138466777801278,0.551682060563364,0.343728027543156,0.893938805675813,1.06661493066475,0.0165,0.139458200535882,0.131265110684905,0.104152807236382,0.100711515000176,0.116842796623581,0.45,0.35,0.2,-0.118644803929286,-3.08476490216142,1.5686943652774e-13,"Reference mix"
2053,0.293078584,2.09245349174413,0.426084350534744,0.573915649465256,0.983174834877387,1.05896354248449,1.1328115769857,0.589904900926432,0.113615238774174,0.124963717787918,0.118005684591119,0.0312409294469796,0.0154215337414248,0.0145628561538989,0.548197965540081,0.344349389679154,0.890911151726464,1.06727825254281,0.0165,0.142436616238912,0.134505684591119,0.107009143428139,0.103284804083593,0.119828257551527,0.45,0.35,0.2,-0.122446383191114,-3.18360596296897,9.1235416431687e-13,"Reference mix"
2054,0.300730225,2.07547296475733,0.424965072665876,0.575034927334124,0.979675272577734,1.05521679753751,1.13075071479692,0.587805163546641,0.114036049791596,0.128226247221111,0.121516495492059,0.0320565618052778,0.0162089137347407,0.0153607427142616,0.544414227857948,0.345020956400475,0.887609749384399,1.0679913374017,0.0165,0.14563732438048,0.138016495492059,0.110124497958186,0.106076853143108,0.123067517932263,0.45,0.35,0.2,-0.126621243957211,-3.29215234288747,3.5034025739019e-12,"Reference mix"
2055,0.308995745,2.0571770441624,0.423752454181067,0.576247545818933,0.975860615509254,1.05115026948023,1.12851521534432,0.585516369305553,0.114495155979227,0.131750524207008,0.125339381087878,0.032937631051752,0.0170872075481227,0.0162557229391874,0.540292175049644,0.34574852749136,0.883997084738597,1.06876718131056,0.0165,0.149094503653432,0.141839381087878,0.113542459476649,0.109121425961535,0.126599749600395,0.45,0.35,0.2,-0.13122545002024,-3.41186170052623,1.45614137926591e-13,"Reference mix"
2056,0.317906576,2.03720281364404,0.422432510178344,0.577567489821656,0.97166921308117,1.04669064313521,1.12604615177129,0.583001527848702,0.115005442803681,0.135549950815196,0.129503355842731,0.0338874877037991,0.0180678408091708,0.0172618728634577,0.535780289194133,0.346540493892994,0.880023874187735,1.06959845260654,0.0165,0.152820346426927,0.146003355842731,0.117295721481334,0.112443848043909,0.130454334527133,0.45,0.35,0.2,-0.136332807928653,-3.54465300614496,5.76985852142194e-12,"Reference mix"
2057,0.327501605,2.01575979363233,0.421006366697249,0.578993633302751,0.967107144080327,1.04186123238354,1.12337392897703,0.580264286448196,0.115561551208577,0.139641107800324,0.134030428870895,0.034910276950081,0.0191630365722858,0.0183930795931865,0.530872760671476,0.34739617998165,0.875679306875921,1.07050195083731,0.0165,0.156831818134652,0.150530428870894,0.121414388473559,0.116061777456939,0.134651759127531,0.45,0.35,0.2,-0.141970573185755,-3.69123490282962,1.02058981133601e-12,"Reference mix"
2058,0.337785442,1.99265805980772,0.419466642342918,0.580533357657082,0.962135248837552,1.03661872031179,1.12046286722475,0.577281149302531,0.116171943535915,0.144025960787893,0.138938220934862,0.0360064901969733,0.0203838385384692,0.0196637762169086,0.525537689510968,0.348320014594249,0.870929343681522,1.07147294617026,0.0165,0.161130169673038,0.155438220934862,0.125925065658275,0.119991369667566,0.139210766540726,0.45,0.35,0.2,-0.148198768654276,-3.85316798501116,3.13085255360565e-13,"Reference mix"
2059,0.348669317,1.96798909598304,0.417821843295105,0.582178156704895,0.956766779906634,1.03097861381867,1.11731392980125,0.574060067943981,0.116837647325198,0.148666659761446,0.144199557361132,0.0371666649403614,0.0217307721673878,0.0210778108062771,0.519796354055683,0.349306894022937,0.865786348205795,1.07250085575239,0.0165,0.165677806889454,0.160699557361132,0.130814990221646,0.124212707257437,0.144108249112525,0.45,0.35,0.2,-0.155019367159509,-4.03050354614724,2.56366928429711e-13,"Reference mix"
2060,0.359943998,1.94229735110003,0.416104103433896,0.583895896566104,0.95109987742913,1.02505213536774,1.11399266187857,0.570659926457478,0.117545971033881,0.153473991758903,0.149723108184974,0.0383684979397258,0.0231873280625527,0.0226206329049147,0.513752238202499,0.350337537939663,0.860336761221294,1.07357092899436,0.0165,0.170387351992471,0.166223108184974,0.136011710891238,0.128653341097461,0.149260153307877,0.45,0.35,0.2,-0.162335547048399,-4.22072422325836,1.13056714495445e-12,"Reference mix"
2061,0.371430568,1.91600662377744,0.414340173060219,0.585659826939781,0.945216111101748,1.01892916055569,1.11054967792833,0.567129666661049,0.118287040122514,0.158371669617996,0.155429519292221,0.0395929174044991,0.0247375843666135,0.0242780217940985,0.507493089108216,0.351395896163869,0.854654832463018,1.07466888034277,0.0165,0.175184000767165,0.171929519292221,0.141451103557135,0.133250071603493,0.154593156665524,0.45,0.35,0.2,-0.170063003233848,-4.42163808408003,4.63130003227393e-13,"Reference mix"
2062,0.383127073,1.8890797704499,0.412528498362837,0.587471501637163,0.939101600958521,1.01259711600411,1.10697444563868,0.563460960575113,0.119063978723464,0.163358860186397,0.161326610163616,0.0408397150465992,0.0263877533040258,0.0260594790237568,0.501007373790854,0.352482900982298,0.848725635650228,1.07579483019213,0.0165,0.180066712600465,0.177826610163616,0.14715073951277,0.13800980078489,0.160115266711474,0.45,0.35,0.2,-0.178237062715653,-4.63416363060696,1.15873161793638e-13,"Reference mix"
2063,0.395103351,1.86124474477931,0.410653736224514,0.589346263775486,0.932693747520648,1.00599023696965,1.10322208107723,0.559616248512389,0.119887630526274,0.16846534119813,0.167462202919184,0.0421163352995325,0.0281557966871771,0.0279881410897097,0.494235661266578,0.353607758265292,0.84248985845021,1.07695336439197,0.0165,0.185064180108129,0.183962202919184,0.153168725346897,0.14297222886559,0.165872542579992,0.45,0.35,0.2,-0.186957908121927,-4.8609056111701,2.28461990422976e-12,"Reference mix"
2064,0.407267375,1.8328411715519,0.408733490193994,0.591266509806006,0.926047034254151,0.999174691539746,1.09933669193289,0.55562822055249,0.120749475332068,0.173651873907397,0.173795308645975,0.0434129684768491,0.0300356285030401,0.0300604376365404,0.487231178247726,0.354759905883603,0.835990378307827,1.07814369123594,0.0165,0.190138256317802,0.190295308645974,0.159479305375012,0.148103937225593,0.171826212885103,0.45,0.35,0.2,-0.196186015949315,-5.10083641468218,2.28070509466829e-12,"Reference mix"
2065,0.419597805,1.80385340259242,0.406768412645975,0.593231587354025,0.919153207519063,0.992143139374783,1.09530893149514,0.551491924511438,0.121652698521578,0.178909359301565,0.180326156782486,0.0447273398253913,0.0320319144102273,0.0322855776943766,0.479990052342544,0.355938952412415,0.829218242252905,1.07936404558256,0.0165,0.195279721101249,0.196826156782486,0.166096739268946,0.153405644908041,0.177977111841363,0.45,0.35,0.2,-0.205955138279517,-5.35483359526742,1.67273736451953e-12,"Reference mix"
2066,0.432071572,1.77433079039811,0.40476136070697,0.59523863929303,0.912013411031477,0.984900517432015,1.09114013735081,0.547208046618886,0.122598209315571,0.184227961151847,0.187052354924327,0.0460569902879617,0.0341488594422675,0.0346723946610422,0.47251535603508,0.357143183575818,0.822170543337785,1.08061545767391,0.0165,0.200478819689475,0.203552354924327,0.173034321926503,0.158875511725566,0.184323104512777,0.45,0.35,0.2,-0.216292663490809,-5.62360925076103,3.06330524827675e-13,"Reference mix"
2067,0.444467087,1.74475992479651,0.402746751857452,0.597253248142548,0.904740750356915,0.977563127811192,1.08689352343589,0.542844450214149,0.123572691830984,0.189513197681773,0.193862874212637,0.0473782994204433,0.036354828102814,0.0371892382891058,0.464928761422417,0.358351948885529,0.814957304605223,1.08187718883858,0.0165,0.205642989290658,0.210362874212637,0.180191499363468,0.164423127697621,0.190759299666504,0.45,0.35,0.2,-0.227058146910425,-5.90351181967105,2.56153211123312e-14,"Reference mix"
2068,0.456828159,1.71500254484382,0.400716535685279,0.599283464314721,0.897298718752379,0.970094909644085,1.08254480257636,0.538379231251427,0.124582634850601,0.194783748302982,0.200788341807139,0.0486959370757454,0.0386619769550152,0.0398538087053768,0.457195047484675,0.359570078588832,0.807541227737194,1.0831551748702,0.0165,0.210790314312109,0.217288341807139,0.187613273767351,0.170073070457684,0.197314211613244,0.45,0.35,0.2,-0.238326868836274,-6.19649858974312,4.6852456954822e-13,"Reference mix"
2069,0.469231743,1.68492471901397,0.398659903461853,0.601340096538147,0.889640339153174,0.962454262035213,1.0780713988148,0.533784203491904,0.125634442543071,0.200072425317112,0.20787733319819,0.0500181063292781,0.0410904271418737,0.0426933816626087,0.449264215410813,0.360804057922888,0.799869023112169,1.0844636422879,0.0165,0.215952920640693,0.22437733319819,0.195368821618368,0.175864039614774,0.20403273860069,0.45,0.35,0.2,-0.250204684898475,-6.50532180736035,8.49496943524036e-13,"Reference mix"
2070,0.481736233,1.6543526420832,0.396566109900086,0.603433890099914,0.881713054644999,0.954591640475098,1.07344037225473,0.529027832786999,0.126737334832393,0.205404126931454,0.215174864541266,0.0513510317328636,0.0436605687278292,0.0457374304117093,0.441085525063931,0.362060334059949,0.791884927305927,1.08581249443484,0.0165,0.221154888999293,0.231674864541266,0.203529037560676,0.181832314459833,0.210956970888464,0.45,0.35,0.2,-0.26280974105935,-6.83305326754307,1.37845044797267e-12,"Reference mix"
2024,0.150170218,2.69009936283447,0.452761494244269,0.547238505755731,1.11726426234294,1.1820308670727,1.20631691883584,0.670358557405763,0.100000395825414,0.0640300239143443,0.0541695024199451,0.0160075059785861,0.00880058626163031,0.0074453100225927,0.628970588965803,0.328343103453439,0.957244282982247,1.12101491912537,0.0165,0.0835335332210439,0.0706695024199451,0.112966084257789,0.0114707340593108,0,0.925,0.075,0,-0.0446654190344704,-1.16130089489623,2.13597840761318e-13,"2024-optimal mix"
2025,0.153719106,2.68836557916521,0.452475872958222,0.547524127041778,1.11740306426764,1.1817500053278,1.20631147645436,0.670441838560581,0.100001311820432,0.0655432093284411,0.0554628381916196,0.0163858023321103,0.00913583364775366,0.00773076674979117,0.627843036419043,0.328514476225067,0.956298131878674,1.12265203821452,0.0165,0.0850420844163497,0.0719628381916196,0.115190063963368,0.0116853109500702,0,0.925,0.075,0,-0.0456989997831245,-1.18817399436124,1.74322309495195e-12,"2024-optimal mix"
2026,0.15776987,2.68646721170753,0.452153287068649,0.547846712931351,1.11756495474111,1.18144051680197,1.20631418261423,0.670538972844668,0.100000856351171,0.0672703861231859,0.0569392916244989,0.0168175965307965,0.00952688864382443,0.00806379035451798,0.626555268485245,0.328708027758811,0.955214394207906,1.12452732100308,0.0165,0.0867641546504183,0.073439291624499,0.117737670332531,0.0119304129674226,0,0.925,0.075,0,-0.046885396685455,-1.21902031382183,7.25676722846678e-13,"2024-optimal mix"
2027,0.162121055,2.68442487298547,0.451809104795851,0.548190895204149,1.11773299273104,1.18110714698898,1.20631457100746,0.670639795638624,0.100000790981606,0.0691256573168771,0.0585261527653104,0.0172814143292193,0.00995702970125332,0.00843025099512516,0.62516424560919,0.328914537122489,0.954040038689913,1.12654680391062,0.0165,0.0886139252421954,0.0750261527653104,0.120486066672084,0.0121940419764496,0,0.925,0.075,0,-0.0481740382439284,-1.25252499434214,7.49112744720941e-13,"2024-optimal mix"
2028,0.166711009,2.68229036950119,0.451448937870542,0.548551062129458,1.11790627764814,1.18075779599022,1.20631537676062,0.670743766588882,0.100000655367364,0.0710827355465015,0.0602009453487363,0.0177706838866254,0.0104221623586831,0.00882667249293299,0.623689960447388,0.329130637277675,0.952791312770055,1.12868368745065,0.0165,0.0905652391803401,0.0767009453487363,0.123398508496562,0.0124724939646505,0,0.925,0.075,0,-0.0495477725260691,-1.28824208567779,5.94986281673774e-13,"2024-optimal mix"
2029,0.171424034,2.68011141629943,0.451082144806859,0.548917855193141,1.11807895534477,1.18040032681283,1.20631542920326,0.67084737320686,0.100000646540888,0.07309228915492,0.06192161040168,0.01827307228873,0.0109120319934598,0.00924434850244666,0.622168097659105,0.329350713115885,0.951497887880375,1.13088472405871,0.0165,0.0925688945473318,0.07842161040168,0.126403465571269,0.0127587997566793,0,0.925,0.075,0,-0.0509744821690263,-1.32533653639468,5.68467596859264e-13,"2024-optimal mix"
2030,0.176158371,2.67793921941564,0.450716852811783,0.549283147188217,1.11824740922372,1.1800430208516,1.20631516029795,0.670948445534233,0.100000691799613,0.0751109298372461,0.0636510097598314,0.0187777324593115,0.0114167292650768,0.00967484156368952,0.620631227431365,0.32956988831293,0.950187200815771,1.13310294747845,0.0165,0.0945816396812974,0.0801510097598314,0.129436929934206,0.0130467854064111,0,0.925,0.075,0,-0.0524241950864661,-1.36302907224812,5.91223181934674e-13,"2024-optimal mix"
2031,0.180869208,2.6757946411299,0.450356566471427,0.549643433528573,1.11840997609137,1.17968928851159,1.20631457518216,0.671045985654825,0.100000790278974,0.077119550519721,0.0653727649057681,0.0192798876299303,0.0119315712750365,0.0101141642898958,0.619093872744405,0.329786060117144,0.948871592944372,1.13531745745401,0.0165,0.0965844237801623,0.0818727649057681,0.132470401154787,0.0133337184960484,0,0.925,0.075,0,-0.0538833783578403,-1.40096783730384,6.974246479957e-13,"2024-optimal mix"
2032,0.185513181,2.67370029822966,0.450004583810543,0.549995416189457,1.11856560611362,1.17934280478322,1.20631412299856,0.671139363668172,0.100000866384951,0.0790996615311306,0.0670709663130307,0.0197749153827826,0.0124515588459583,0.0105580487670394,0.617570470176972,0.329997249713674,0.947563497332501,1.13750788556902,0.0165,0.0985588178100537,0.0835709663130307,0.13547573499411,0.0136169360861226,0,0.925,0.075,0,-0.055338246793079,-1.43879441662005,8.05429647646595e-13,"2024-optimal mix"
2033,0.190057657,2.67167073302078,0.449663284611351,0.550336715388649,1.11871344681111,1.17900600908544,1.20631386411026,0.671228068086668,0.100000909957884,0.0810373487159368,0.0687336180574669,0.0202593371789842,0.0129724715447562,0.0110028884032737,0.616072247574858,0.330202029233189,0.946272745862526,1.13965854911658,0.0165,0.100490947865847,0.0852336180574669,0.138431204990574,0.0138944211453362,0,0.925,0.075,0,-0.0567777676915993,-1.47622195998158,8.77609963564964e-13,"2024-optimal mix"
2034,0.194506062,2.66970309422481,0.44933219500754,0.55066780499246,1.11885390360066,1.17867848909036,1.20631379363731,0.671312342160393,0.100000921819038,0.0829340728622032,0.0703619126248817,0.0207335182155508,0.0134940281075739,0.0114484384269946,0.614598375132152,0.330400682995476,0.944998869240256,1.14177074916364,0.0165,0.102382267932194,0.0868619126248817,0.141338340173153,0.0141663568668075,0,0.925,0.075,0,-0.0582023244154386,-1.5132604348014,9.13992530400965e-13,"2024-optimal mix"
2035,0.198809738,2.66781733894959,0.449014735308928,0.550985264691072,1.11898567196739,1.17836363188202,1.20631385759131,0.671391403180435,0.100000911055073,0.0847690870272595,0.0719379695144452,0.0211922717568149,0.0140096776216779,0.0118890953884094,0.613165589776858,0.330591158814643,0.943756630097622,1.14382088112027,0.0165,0.104212086953313,0.0884379695144452,0.144164385725063,0.0144297380185966,0,0.925,0.075,0,-0.0595952050652717,-1.54947533169706,8.93880870614466e-13,"2024-optimal mix"
2036,0.202927696,2.6660295041055,0.448713622862004,0.551286377137996,1.11910799201675,1.17806423498573,1.20631404009719,0.671464795210051,0.100000880337899,0.0865249141994506,0.0734466862076488,0.0216312285498627,0.0145133415350358,0.0123196521072653,0.611788209077936,0.330771826282798,0.942558843797951,1.14578878712156,0.0165,0.105962974076715,0.0899466862076488,0.146881089106772,0.0146820184409339,0,0.925,0.075,0,-0.0609417190024921,-1.58448469406479,8.50144895074785e-13,"2024-optimal mix"
2037,0.20685324,2.66432745108904,0.448428697772305,0.551571302227695,1.11921995432393,1.17777868933291,1.20631266966344,0.67153197259436,0.100001110993017,0.0881986993183936,0.0748856301418977,0.0220496748295984,0.0150029010785111,0.0127383023775109,0.610468472430325,0.330942781336617,0.941407990352579,1.1476701836284,0.0165,0.107632047692387,0.0913856301418977,0.149482639796065,0.0149227745897156,0,0.925,0.075,0,-0.0622387001681142,-1.61820620437096,1.24156281855083e-12,"2024-optimal mix"
2038,0.210662802,2.66270044743691,0.448154731647876,0.551845268352124,1.11932628231782,1.1775046813253,1.20631278312987,0.671595769390691,0.100001091895668,0.0898230316874335,0.0762825261860839,0.0224557579218584,0.0154868434312698,0.0131522563577744,0.609182870647632,0.331107161011275,0.940283773160938,1.14950169150244,0.0165,0.109251858929301,0.0927825261860839,0.152018211814134,0.0151566137265825,0,0.925,0.075,0,-0.0635087284749312,-1.65122694034821,1.20609683199295e-12,"2024-optimal mix"
2039,0.214415213,2.66111023416865,0.44788705985693,0.55211294014307,1.11942771940188,1.17723613243744,1.20631280589386,0.671656631641126,0.100001088064298,0.0914229958432186,0.0776590127708104,0.0228557489608047,0.0159721164571187,0.0135674704649515,0.607911099187647,0.331267764085842,0.939168697857868,1.15131100189155,0.0165,0.110847392028436,0.0941590127708104,0.154526494718226,0.0153871536205277,0,0.925,0.075,0,-0.0647714327371436,-1.68405725116573,1.19892705582536e-12,"2024-optimal mix"
2040,0.2181965,2.65952047766619,0.447619540225657,0.552380459774343,1.11952662439348,1.17696690394568,1.20631276173407,0.67171597463609,0.100001095496759,0.0930352722337144,0.0790466341252429,0.0232588180584286,0.0164698109467593,0.0139934359169707,0.606624033870128,0.331428275864606,0.938037239002451,1.15313961108341,0.0165,0.112455226148818,0.0955466341252429,0.157065007847861,0.015619673357244,0,0.925,0.075,0,-0.0660557581524619,-1.71744971196401,1.21295310550672e-12,"2024-optimal mix"
2041,0.222195285,2.65785266229578,0.447339057697584,0.552660942302416,1.1196275184882,1.17668363165846,1.2063125617326,0.67177651109292,0.100001129158688,0.0947402860679376,0.0805146630062381,0.0236850715169844,0.0170056913233762,0.0144522205169182,0.605256842209785,0.33159656538145,0.936832082839104,1.15507933621217,0.0165,0.114155565990302,0.0970146630062381,0.159761633423076,0.0158657894336146,0,0.925,0.075,0,-0.0674271497720953,-1.75310589407447,1.27662658793427e-12,"2024-optimal mix"
2042,0.226576456,2.65604169080067,0.447034657801295,0.552965342198705,1.11973366725069,1.1763750376977,1.20631220383614,0.671840200350416,0.100001189395713,0.0966083427814388,0.0821237612883326,0.0241520856953597,0.0176041853652698,0.0149647729687662,0.603751689140693,0.331779205319223,0.935501447919585,1.15721165255648,0.0165,0.116018530903451,0.0986237612883326,0.162730596489138,0.0161356962309178,0,0.925,0.075,0,-0.0689454326595118,-1.7925812491473,1.39554773674146e-12,"2024-optimal mix"
2043,0.231361793,2.65408427242989,0.446705662746258,0.553294337253742,1.11984449779821,1.17604024803478,1.20631179810299,0.671906698678926,0.100001257684126,0.0986487289953564,0.0838821028108547,0.0246621822488391,0.0182715926226115,0.0155365368261369,0.602099036993496,0.331976602352245,0.934035790191697,1.15954935401293,0.0165,0.11805339308793,0.100382102810855,0.165990986569075,0.0164307998045982,0,0.925,0.075,0,-0.0706227860869926,-1.8361924382618,1.53825614956998e-12,"2024-optimal mix"
2044,0.236571145,2.65197823911785,0.446351728570443,0.553648271429557,1.11995897669498,1.1756785264523,1.20631132568214,0.671975386016985,0.100001337196746,0.100869907985309,0.0857971849581129,0.0252174769963273,0.0190145576993566,0.0161732627342736,0.600289571139281,0.332188962857734,0.932425523257119,1.16210465438791,0.0165,0.120268603671772,0.102297184958113,0.169561438730819,0.0167523950519524,0,0.925,0.075,0,-0.072471714959959,-1.88426458895893,1.73482137130368e-12,"2024-optimal mix"
2045,0.242194667,2.64973379563021,0.445974612279672,0.554025387720328,1.12007526915819,1.17529122970071,1.20631075112193,0.672045161494916,0.100001433900453,0.103267682010934,0.0878656110087982,0.0258169205027335,0.0198360080063787,0.0168775257613639,0.598324002165113,0.332415232632196,0.930669841238834,1.16487558051547,0.0165,0.122659987300996,0.104365611008798,0.17344096904928,0.01709995012635,0,0.925,0.075,0,-0.0744949021544297,-1.93686745601517,1.9701670779941e-12,"2024-optimal mix"
2046,0.248077892,2.64741969235814,0.445585707459379,0.554414292540621,1.12018884621984,1.1748898188398,1.20631023288094,0.672113307731906,0.100001521125244,0.105776188973636,0.090030730777878,0.026444047243409,0.0207172185680914,0.0176333288755107,0.596253939317468,0.332648575524372,0.928813535172985,1.16778863885681,0.0165,0.125161870984493,0.106530730777878,0.177528219565709,0.0174639727915179,0,0.925,0.075,0,-0.0766423637590048,-1.99270145773412,2.21601351427888e-12,"2024-optimal mix"
2047,0.254115427,2.6450808226014,0.445192611752122,0.554807388247878,1.12029669502779,1.17448183897745,1.20630973380709,0.672178017016672,0.100001605124132,0.108350491092807,0.0922538667665915,0.0270876227732017,0.0216450291399645,0.018429428554476,0.594114815283733,0.332884432948727,0.926887532132932,1.17079347930531,0.0165,0.127729441435934,0.108753866766591,0.181753660909571,0.0178379727384505,0,0.925,0.075,0,-0.0788795461503549,-2.05086819990922,2.46361374751902e-12,"2024-optimal mix"
2048,0.260277779,2.64273144585681,0.444797770878716,0.555202229121284,1.12039752393239,1.17406958875778,1.20630921303054,0.672238514359436,0.100001692775906,0.110978013055441,0.0945242208111879,0.0277445032638603,0.0226168700115163,0.0192636537289463,0.591915847529152,0.33312133747277,0.924899469781548,1.17387684159212,0.0165,0.130350161269944,0.111024220811188,0.186099523614836,0.0182201349540577,0,0.925,0.075,0,-0.0811985871677381,-2.11116326636119,2.71899766787615e-12,"2024-optimal mix"
2049,0.266489219,2.64040437245785,0.444406442858021,0.555593557141979,1.12048976088549,1.17365862840332,1.20630890722909,0.672293856531297,0.100001744245326,0.113626465305424,0.0968138967801947,0.028406616326356,0.0236221927595754,0.0201269706436801,0.589683270018177,0.333356134285187,0.922872587953638,1.17700196605167,0.0165,0.132991832674079,0.113313896780195,0.190514537871096,0.0186057573613425,0,0.925,0.075,0,-0.0835731964012314,-2.17290310643201,2.87732569047719e-12,"2024-optimal mix"
2050,0.272751498,2.63810125834163,0.444018785871466,0.555981214128534,1.12057315993805,1.17324911929307,1.20630892503851,0.672343895962833,0.100001741247823,0.11629659443934,0.0991235301411628,0.0290741486098349,0.0246622610323705,0.021020481180698,0.587415889974659,0.33358872847712,0.920805477959936,1.18017057469207,0.0165,0.135655204907676,0.115623530141163,0.195001564379402,0.0189949361974764,0,0.925,0.075,0,-0.0860057025459076,-2.23614826619359,2.87543635954667e-12,"2024-optimal mix"
2051,0.279215956,2.6357694961883,0.443625948829989,0.556374051170011,1.12064902499954,1.17283150338619,1.20630926439875,0.672389414999724,0.100001684130131,0.119052929256229,0.101508979689325,0.0297632323140573,0.0257642303330312,0.0219675462832001,0.585057676564557,0.333824430702007,0.918646407844265,1.18346078583756,0.0165,0.138404649062101,0.118008979689325,0.199672107654228,0.0193970791275364,0,0.925,0.075,0,-0.0885581127418136,-2.30251093128715,2.69268086323357e-12,"2024-optimal mix"
2052,0.285959662,2.63338780505149,0.44322420451225,0.55677579548775,1.12071704128116,1.17240155288704,1.20631005679832,0.672430224768695,0.100001550761615,0.121928330665391,0.103998779569289,0.0304820826663477,0.0269449159674162,0.0229826682684481,0.58257829629649,0.33406547729265,0.916366427347153,1.186914559187,0.0165,0.141272956288027,0.120498779569289,0.204587237102775,0.0198169986148623,0,0.925,0.075,0,-0.091266517581797,-2.37292945712672,2.27267919904364e-12,"2024-optimal mix"
2053,0.293078584,2.63095077609836,0.442809719175267,0.557190280824734,1.12077805438974,1.1719569583887,1.20631393161499,0.672466832633842,0.100000898596305,0.124963717787918,0.106628248497905,0.0312409294469796,0.0282262751435307,0.0240847370216893,0.579940380981116,0.33431416849484,0.913929314356056,1.19058528842527,0.0165,0.144301007601332,0.123128248497905,0.209824182232292,0.0202606390233566,0,0.925,0.075,0,-0.0941765236019247,-2.44858961365004,9.35069726596168e-13,"2024-optimal mix"
2054,0.300730225,2.62836700811296,0.442374101742724,0.557625898257276,1.12082616933619,1.17148212424965,1.20631460557822,0.672495701601714,0.100000785163086,0.128226247221111,0.109456426663993,0.0320565618052778,0.0296443615751332,0.0253050054810873,0.577077809795038,0.334575538954366,0.911271990321801,1.19455866704663,0.0165,0.14755570227123,0.125956426663993,0.21551081371629,0.02073800528845,0,0.925,0.075,0,-0.0973672082764951,-2.53154741518887,7.69560705542728e-13,"2024-optimal mix"
2055,0.308995745,2.62566339178209,0.441916291244003,0.558083708755997,1.12086173166907,1.17097928064685,1.20631710205406,0.672517039001442,0.100000364988585,0.131750524207008,0.112513113070822,0.032937631051752,0.031224554980137,0.0266653351568173,0.573956133107488,0.334850225253598,0.908358915796648,1.19888540053827,0.0165,0.151071682337681,0.129013113070822,0.221722115103052,0.0212541054974743,0,0.925,0.075,0,-0.100886425629434,-2.62304706636528,3.23758771202323e-13,"2024-optimal mix"
2056,0.317906576,2.62283833866269,0.441437569609551,0.558562430390449,1.12087932180599,1.17044712777416,1.20632002993862,0.672527593083594,0.0999998722083112,0.135549950815196,0.11581040065686,0.0338874877037991,0.0329855208096165,0.0281819827883597,0.57055509524997,0.33513745823427,0.905167362592393,1.2035911158119,0.0165,0.15486232842347,0.13231040065686,0.228500729227849,0.0218109818883413,0,0.925,0.075,0,-0.104768069781048,-2.72396981430725,3.21667585077819e-14,"2024-optimal mix"
2057,0.327501605,2.61984632020323,0.440938714830555,0.559061285169445,1.12086769258485,1.16987774052402,1.20631577066553,0.672520615550908,0.100000589070341,0.139641107800324,0.119363847146776,0.034910276950081,0.034950007936044,0.0298749234431873,0.566846079457117,0.335436771101667,0.901666087812184,1.20870643528851,0.0165,0.15894409051897,0.135863847146776,0.235900373540758,0.0224112670952084,0,0.925,0.075,0,-0.109058013290059,-2.83550834554152,5.23588360717174e-13,"2024-optimal mix"
2058,0.337785442,2.61679965037347,0.440425612333921,0.559574387666079,1.12082967701734,1.16928641659676,1.20631606564845,0.672497806210404,0.100000539422644,0.144025960787893,0.123174235793386,0.0360064901969733,0.0371358112660261,0.0317593796856982,0.562823312044977,0.335744632599648,0.897843959495327,1.21424897533069,0.0165,0.16331918666174,0.139674235793386,0.243948843431769,0.0230549823059863,0,0.925,0.075,0,-0.11377928138214,-2.95826131593563,4.05733689963319e-13,"2024-optimal mix"
2059,0.348669317,2.61371323567213,0.439906661412342,0.560093338587658,1.12075502807854,1.16867566175992,1.20631560035582,0.672453016847125,0.10000061773468,0.148666659761446,0.127209511266425,0.0371666649403614,0.0395422966797651,0.0338351331970222,0.558507088658821,0.336056003152595,0.893714997663206,1.22018442045433,0.0165,0.167949808180484,0.143709511266425,0.252606384822781,0.0237366427159829,0,0.925,0.075,0,-0.118924939846256,-3.09204843600266,5.63067947803187e-13,"2024-optimal mix"
2060,0.359943998,2.61065106794758,0.439395606921502,0.560604393078498,1.12063754269001,1.16805709252162,1.20631167719646,0.672382525614008,0.100001278033758,0.153473991758903,0.131392543002827,0.0383684979397258,0.0421392891067692,0.0360763950465798,0.553969347928063,0.336362635847099,0.889343386238048,1.22641139097215,0.0165,0.17274693378551,0.147892543002827,0.26173330366741,0.0244431047266639,0,0.925,0.075,0,-0.124425070759263,-3.23505183974083,1.66134195667409e-12,"2024-optimal mix"
2061,0.371430568,2.60776152278743,0.438905506581741,0.561094493418259,1.12048279985489,1.16745436023603,1.20631509145629,0.672289679912935,0.100000703386171,0.158371669617996,0.135655555379465,0.0395929174044991,0.0448972231902659,0.0384573690582549,0.54928015723171,0.336656696050955,0.884792416761237,1.23284313983546,0.0165,0.177634666561891,0.152155555379465,0.271203397085337,0.0251626975692198,0,0.925,0.075,0,-0.130208601538966,-3.38542364001312,6.37186379083754e-13,"2024-optimal mix"
2062,0.383127073,2.60500776380311,0.438438023843764,0.561561976156236,1.12028202612199,1.1668616865953,1.20631872762452,0.672169215673193,0.100000091395023,0.163358860186397,0.139998478022747,0.0408397150465992,0.0478260217216121,0.0409868815396281,0.544430526141964,0.336937185693742,0.880050817024854,1.2394868003856,0.0165,0.182612078015219,0.156498478022747,0.281035035921383,0.025895272180812,0,0.925,0.075,0,-0.13629801899469,-3.54374849386193,1.45074814071288e-13,"2024-optimal mix"
2063,0.395103351,2.60233650980495,0.437992517378714,0.562007482621286,1.12002405267743,1.1662696040792,1.20631501828001,0.672014431606457,0.100000715702281,0.16846534119813,0.144448025232672,0.0421163352995325,0.0509556566559324,0.0436911469506772,0.539379922348892,0.337204489572772,0.875075808212131,1.24639223430268,0.0165,0.187708789665437,0.160948025232672,0.291311167987101,0.0266451670259221,0,0.925,0.075,0,-0.142758136627159,-3.71171155230613,6.82256842792434e-13,"2024-optimal mix"
2064,0.407267375,2.59980114468554,0.437576123228726,0.562423876771274,1.11970765529851,1.16568681640129,1.20630562361575,0.671824593179103,0.100002296912546,0.173651873907397,0.148969578675939,0.0434129684768491,0.0542749286472439,0.0465604722328436,0.534160450118876,0.337454326062764,0.869895209221967,1.25351871025925,0.0165,0.192885706378018,0.165469578675939,0.301976658164064,0.0274062957809741,0,0.925,0.075,0,-0.149563751356211,-3.88865753526147,4.94799771096086e-12,"2024-optimal mix"
2065,0.419597805,2.59763905948044,0.437197323015153,0.562802676984847,1.11935076298497,1.16514762531548,1.20631918730691,0.671610457790983,0.100000014027836,0.178909359301565,0.153550807995788,0.0447273398253913,0.05778886208609,0.0495978885683631,0.528788612681634,0.337681606190908,0.864520176548829,1.26086935709727,0.0165,0.198134295119271,0.170050807995788,0.313029088195224,0.0281761199764938,0,0.925,0.075,0,-0.156711002387484,-4.07448606207458,1.54136372746477e-13,"2024-optimal mix"
2066,0.432071572,2.59558813283995,0.436854332537008,0.563145667462992,1.11892084503477,1.16461386875905,1.20631718978213,0.671352507020865,0.100000350223381,0.184227961151847,0.158188019303041,0.0460569902879617,0.0615046722898915,0.0528112140339076,0.523247302495492,0.337887400477795,0.858932674473639,1.26843741515569,0.0165,0.203444089986371,0.174688019303041,0.324481916884182,0.0289539738543126,0,0.925,0.075,0,-0.164235602764568,-4.27012567187876,3.23047805389857e-13,"2024-optimal mix"
2067,0.444467087,2.59380290661982,0.436557673429544,0.563442326570456,1.11843346531716,1.16411187714269,1.20631371913783,0.671060079190296,0.100000934357893,0.189513197681773,0.162796378426216,0.0473782994204433,0.0653641764526451,0.0561493940024747,0.517637468738795,0.338065395942273,0.853231206579672,1.2760996996014,0.0165,0.208721043654627,0.179296378426216,0.336146864048013,0.0297252562920621,0,0.925,0.075,0,-0.172015266540328,-4.47239693004851,8.2621887177809e-13,"2024-optimal mix"
2068,0.456828159,2.59233420231831,0.436309091807757,0.563690908192243,1.11788956934234,1.16364799759187,1.20631498461822,0.670733741605402,0.100000721367809,0.194783748302982,0.167390610138186,0.0486959370757454,0.0693862047747471,0.0596281735699623,0.511938934215713,0.338214544915346,0.847393154351602,1.28389117298501,0.0165,0.213983940263248,0.183890610138186,0.348077867868248,0.0304921086216775,0,0.925,0.075,0,-0.180089778711002,-4.68233424648605,6.88172278578401e-13,"2024-optimal mix"
2069,0.469231743,2.59109892573746,0.436107560269043,0.563892439730957,1.11727423205953,1.16320834208714,1.20630916570874,0.670364539235715,0.100001700740632,0.200072425317112,0.172000507628859,0.0500181063292781,0.0736049922271962,0.0632775656466897,0.506105641866559,0.338335463838574,0.841369917352738,1.29186886258622,0.0165,0.21926536296155,0.188500507628859,0.360372597818003,0.0312592858831891,0,0.925,0.075,0,-0.188537858765347,-4.90198432789902,2.72482979788314e-12,"2024-optimal mix"
2070,0.481736233,2.59024133830917,0.435958476322899,0.564041523677101,1.11659322914977,1.16281221278437,1.20631349707844,0.669955937489859,0.100000971732266,0.205404126931454,0.176644280712886,0.0513510317328636,0.0780520441485678,0.0671235159817176,0.500111376899817,0.33842491420626,0.835129737103317,1.30008612464606,0.0165,0.224590528442396,0.193144280712887,0.373111608958157,0.0320292955775859,0,0.925,0.075,0,-0.197418742947105,-5.13288731662471,1.0313087848679e-12,"2024-optimal mix"
